pragmatic,VIRTUALES PRAGMATIC,pragmatic,pragmatic,https://cdn.sellatuparley.com/websella/img/virtualgames/pragmatic.webp,virtual
betconnection,VIRTUALES LEAP,leap,betconnection,https://cdn.sellatuparley.com/s4pwa/C_IMAGEN/C_IMAGEN-1749485636.webp,virtual
ggiconbet,VIRTUALES RACING,racing,ggiconbet,https://cdn.sellatuparley.com/websella/img/virtualgames/racing.webp,virtual
slotegrator,VIRTUALES BETRADAR,betradar,slotegrator,https://cdn.sellatuparley.com/websella/img/virtualgames/betradar.webp,virtual
pragmatic,PENALTY SHOOTOUT LIVE,pragmatic,vpippso15,https://cdn.sellatuparley.com/websella/img/virtualgames/penaltyshootout-live.webp,game
pragmatic,DARDOS,pragmatic,vpdt11,https://cdn.sellatuparley.com/s4pwa/virtuals/virtuals-1721242826.webp,game
pragmatic,CARRERAS DE CABALLOS,pragmatic,vpfh3,https://cdn.sellatuparley.com/s4pwa/virtuals/virtuals-1721242738.webp,game
pragmatic,TANDA DE PENALTIS,pragmatic,vppso4,https://cdn.sellatuparley.com/s4pwa/virtuals/virtuals-1721242943.webp,game
pragmatic,LIGA FANT√ÅSTICA,pragmatic,vplfl6,https://cdn.sellatuparley.com/s4pwa/virtuals/virtuals-1721242914.webp,game
pragmatic,CARRERAS DE GALGOS,pragmatic,vpdr7,https://cdn.sellatuparley.com/s4pwa/virtuals/virtuals-1721242768.webp,game
pragmatic,FORCE 1,pragmatic,vpmr9,https://cdn.sellatuparley.com/s4pwa/virtuals/virtuals-1721242859.webp,game
betconnection,Football Cup World,leap,134000047,https://cdn.sellatuparley.com/slots/betconnection/134000047.png,game
betconnection,Virtual Football,leap,134000000,https://cdn.sellatuparley.com/slots/betconnection/134000000.png,game
betconnection,Virtual Golf,leap,134000022,https://cdn.sellatuparley.com/slots/betconnection/134000022.png,game
betconnection,Next 6,leap,134000024,https://cdn.sellatuparley.com/slots/betconnection/134000024.png,game
betconnection,Virtual Football Cup,leap,134000030,https://cdn.sellatuparley.com/slots/betconnection/134000030.png,game
betconnection,Instant Euroleague Legends,leap,134000032,https://cdn.sellatuparley.com/slots/betconnection/134000032.png,game
betconnection,Football Streak,leap,134000034,https://cdn.sellatuparley.com/slots/betconnection/134000034.png,game
betconnection,Nascar Streak,leap,134000037,https://cdn.sellatuparley.com/slots/betconnection/134000037.png,game
betconnection,Football Penalty Duel,leap,134000038,https://cdn.sellatuparley.com/slots/betconnection/134000038.png,game
betconnection,Horses Streak,leap,134000040,https://cdn.sellatuparley.com/slots/betconnection/134000040.png,game
betconnection,Greyhounds Streak,leapttps://cdn.sellatuparley.com/slots/betconnection/134000039.png,game
betconnection,Football Streak Champions,leap,134000045,https://cdn.sellatuparley.com/slots/betconnection/134000045.png,game
betconnection,Virtual Football League,leap,134000044,https://cdn.sellatuparley.com/slots/betconnection/134000044.png,game
ggiconbet,RACING HORSES,racing,racinghorses,https://cdn.sellatuparley.com/s4pwa/Banners_Torneos/Banners_Torneos-1725885697.webp,game
ggiconbet,RACING DOGS,racing,racingdogs,https://cdn.sellatuparley.com/s4pwa/Banners_Torneos/Banners_Torneos-1725885763.webp,game